epoch,HR@3,NDCG@3
1,0.7727272727272727,0.5381447223214345
2,0.75,0.5411203985389677
3,0.8181818181818182,0.5900896887175424
4,0.7954545454545454,0.5949629041396164
5,0.7954545454545454,0.5949629041396164
6,0.7954545454545454,0.5949629041396164
7,0.7954545454545454,0.5949629041396164
8,0.7954545454545454,0.544635143262997
9,0.75,0.5219078705357242
10,0.75,0.5040538132305254
